{"train_loss_mean": [0.4267794719412923], "train_loss_std": [0.2729855627079657], "train_accuracy_mean": [0.8690999977588654], "train_accuracy_std": [0.08782192339423436], "train_loss_importance_vector_0_mean": [0.20000000298023224], "train_loss_importance_vector_0_std": [0.0], "train_loss_importance_vector_1_mean": [0.20000000298023224], "train_loss_importance_vector_1_std": [0.0], "train_loss_importance_vector_2_mean": [0.20000000298023224], "train_loss_importance_vector_2_std": [0.0], "train_loss_importance_vector_3_mean": [0.20000000298023224], "train_loss_importance_vector_3_std": [0.0], "train_loss_importance_vector_4_mean": [0.20000000298023224], "train_loss_importance_vector_4_std": [0.0], "train_learning_rate_mean": [0.0010000000000000005], "train_learning_rate_std": [4.336808689942018e-19], "val_loss_mean": [0.24430040965477626], "val_loss_std": [0.09699412162924964], "val_accuracy_mean": [0.916333331267039], "val_accuracy_std": [0.0429133530433203], "val_loss_importance_vector_0_mean": [0.20000000298023224], "val_loss_importance_vector_0_std": [0.0], "val_loss_importance_vector_1_mean": [0.20000000298023224], "val_loss_importance_vector_1_std": [0.0], "val_loss_importance_vector_2_mean": [0.20000000298023224], "val_loss_importance_vector_2_std": [0.0], "val_loss_importance_vector_3_mean": [0.20000000298023224], "val_loss_importance_vector_3_std": [0.0], "val_loss_importance_vector_4_mean": [0.20000000298023224], "val_loss_importance_vector_4_std": [0.0]}