train_loss_mean,train_loss_std,train_accuracy_mean,train_accuracy_std,train_loss_importance_vector_0_mean,train_loss_importance_vector_0_std,train_loss_importance_vector_1_mean,train_loss_importance_vector_1_std,train_loss_importance_vector_2_mean,train_loss_importance_vector_2_std,train_loss_importance_vector_3_mean,train_loss_importance_vector_3_std,train_loss_importance_vector_4_mean,train_loss_importance_vector_4_std,train_learning_rate_mean,train_learning_rate_std,val_loss_mean,val_loss_std,val_accuracy_mean,val_accuracy_std,val_loss_importance_vector_0_mean,val_loss_importance_vector_0_std,val_loss_importance_vector_1_mean,val_loss_importance_vector_1_std,val_loss_importance_vector_2_mean,val_loss_importance_vector_2_std,val_loss_importance_vector_3_mean,val_loss_importance_vector_3_std,val_loss_importance_vector_4_mean,val_loss_importance_vector_4_std,epoch,epoch_run_time
0.4267794719412923,0.2729855627079657,0.8690999977588654,0.08782192339423436,0.20000000298023224,0.0,0.20000000298023224,0.0,0.20000000298023224,0.0,0.20000000298023224,0.0,0.20000000298023224,0.0,0.0010000000000000005,4.336808689942018e-19,0.24430040965477626,0.09699412162924964,0.916333331267039,0.0429133530433203,0.20000000298023224,0.0,0.20000000298023224,0.0,0.20000000298023224,0.0,0.20000000298023224,0.0,0.20000000298023224,0.0,1,1211.6107363700867
0.1556898767054081,0.07933089822984961,0.9479500032663345,0.037243091827901566,0.18000000715255737,0.0,0.18000000715255737,0.0,0.18000000715255737,0.0,0.18000000715255737,0.0,0.2800000011920929,0.0,0.0009995115550240356,2.168404344971009e-19,0.16405767182509104,0.07751701534592971,0.9430000019073487,0.03429286686932264,0.18000000715255737,0.0,0.18000000715255737,0.0,0.18000000715255737,0.0,0.18000000715255737,0.0,0.2800000011920929,0.0,2,1292.2075026035309
0.10895865037105977,0.06480295237005157,0.9639500057697297,0.03052290609998424,0.1599999964237213,0.0,0.1599999964237213,0.0,0.1599999964237213,0.0,0.1599999964237213,0.0,0.36000001430511475,0.0,0.0009982912558975914,0.0,0.1417880403002103,0.08894780653161029,0.9486666719118754,0.03363861087720043,0.1599999964237213,0.0,0.1599999964237213,0.0,0.1599999964237213,0.0,0.1599999964237213,0.0,0.36000001430511475,0.0,3,1348.5871043205261
