{"train_loss_mean": [0.4267794719412923, 0.1556898767054081, 0.10895865037105977, 0.08333520602900535, 0.061678972191410136, 0.052121058117132635, 0.05052868554345332, 0.049421078073210084, 0.041931580153817774, 0.03784835744474549, 0.046357141441432756, 0.03887321108725155, 0.032556919615948574, 0.03161793241277337, 0.032531317224144006, 0.03187289677839726, 0.026745839886396425, 0.0300784122646146, 0.029784633127332198], "train_loss_std": [0.2729855627079657, 0.07933089822984961, 0.06480295237005157, 0.06416045496363017, 0.05571351445373955, 0.04781126740620117, 0.04972626270789088, 0.049625314615930005, 0.049073458678699174, 0.04770270104611647, 0.060057830381954135, 0.04645924338272158, 0.04509339052557966, 0.042624140409969334, 0.04244072221043207, 0.04454700871152721, 0.03738855257978143, 0.04557138629533923, 0.04430626235570856], "train_accuracy_mean": [0.8690999977588654, 0.9479500032663345, 0.9639500057697297, 0.9725000060796738, 0.9792500070333481, 0.9811500066518783, 0.9826000063419342, 0.9831000076532364, 0.9871000064611435, 0.9873500056266785, 0.9854500066041947, 0.9864500062465668, 0.9897000050544739, 0.9891500055789948, 0.9888000062704086, 0.9889000053405762, 0.990950004696846, 0.9907500042915344, 0.989750005364418], "train_accuracy_std": [0.08782192339423436, 0.037243091827901566, 0.03052290609998424, 0.029261752231324083, 0.023306383293114328, 0.022878537570460954, 0.021499766779015644, 0.02084202213669697, 0.017988604220101317, 0.018873987146957077, 0.019736955128268164, 0.01949736901935795, 0.016775276139174754, 0.017132640923976823, 0.01708975865185679, 0.016860898246507713, 0.015551442980667629, 0.016603836815726813, 0.016693932213358506], "train_loss_importance_vector_0_mean": [0.20000000298023224, 0.18000000715255737, 0.1599999964237213, 0.14000000059604645, 0.10000000149011612, 0.07999999821186066, 0.05999999865889549, 0.03999999910593033, 0.019999999552965164, 0.006000000052154064, 0.006000000052154064, 0.006000000052154064, 0.006000000052154064, 0.006000000052154064, 0.006000000052154064, 0.006000000052154064, 0.006000000052154064, 0.006000000052154064, 0.006000000052154064], "train_loss_importance_vector_0_std": [0.0, 0.0, 0.0, 0.0, 0.0, 0.0, 0.0, 0.0, 0.0, 0.0, 0.0, 0.0, 0.0, 0.0, 0.0, 0.0, 0.0, 0.0, 0.0], "train_loss_importance_vector_1_mean": [0.20000000298023224, 0.18000000715255737, 0.1599999964237213, 0.14000000059604645, 0.10000000149011612, 0.07999999821186066, 0.05999999865889549, 0.03999999910593033, 0.019999999552965164, 0.006000000052154064, 0.006000000052154064, 0.006000000052154064, 0.006000000052154064, 0.006000000052154064, 0.006000000052154064, 0.006000000052154064, 0.006000000052154064, 0.006000000052154064, 0.006000000052154064], "train_loss_importance_vector_1_std": [0.0, 0.0, 0.0, 0.0, 0.0, 0.0, 0.0, 0.0, 0.0, 0.0, 0.0, 0.0, 0.0, 0.0, 0.0, 0.0, 0.0, 0.0, 0.0], "train_loss_importance_vector_2_mean": [0.20000000298023224, 0.18000000715255737, 0.1599999964237213, 0.14000000059604645, 0.10000000149011612, 0.07999999821186066, 0.05999999865889549, 0.03999999910593033, 0.019999999552965164, 0.006000000052154064, 0.006000000052154064, 0.006000000052154064, 0.006000000052154064, 0.006000000052154064, 0.006000000052154064, 0.006000000052154064, 0.006000000052154064, 0.006000000052154064, 0.006000000052154064], "train_loss_importance_vector_2_std": [0.0, 0.0, 0.0, 0.0, 0.0, 0.0, 0.0, 0.0, 0.0, 0.0, 0.0, 0.0, 0.0, 0.0, 0.0, 0.0, 0.0, 0.0, 0.0], "train_loss_importance_vector_3_mean": [0.20000000298023224, 0.18000000715255737, 0.1599999964237213, 0.14000000059604645, 0.10000000149011612, 0.07999999821186066, 0.05999999865889549, 0.03999999910593033, 0.019999999552965164, 0.006000000052154064, 0.006000000052154064, 0.006000000052154064, 0.006000000052154064, 0.006000000052154064, 0.006000000052154064, 0.006000000052154064, 0.006000000052154064, 0.006000000052154064, 0.006000000052154064], "train_loss_importance_vector_3_std": [0.0, 0.0, 0.0, 0.0, 0.0, 0.0, 0.0, 0.0, 0.0, 0.0, 0.0, 0.0, 0.0, 0.0, 0.0, 0.0, 0.0, 0.0, 0.0], "train_loss_importance_vector_4_mean": [0.20000000298023224, 0.2800000011920929, 0.36000001430511475, 0.4399999976158142, 0.6000000238418579, 0.6800000071525574, 0.7599999904632568, 0.8399999737739563, 0.9200000166893005, 0.9760000109672546, 0.9760000109672546, 0.9760000109672546, 0.9760000109672546, 0.9760000109672546, 0.9760000109672546, 0.9760000109672546, 0.9760000109672546, 0.9760000109672546, 0.9760000109672546], "train_loss_importance_vector_4_std": [0.0, 0.0, 0.0, 0.0, 0.0, 0.0, 0.0, 0.0, 0.0, 0.0, 0.0, 0.0, 0.0, 0.0, 0.0, 0.0, 0.0, 0.0, 0.0], "train_learning_rate_mean": [0.0010000000000000005, 0.0009995115550240356, 0.0009982912558975914, 0.00099658461944753, 0.000991719548418466, 0.0009885659143607812, 0.000984935539283863, 0.0009808320055678876, 0.0009762593625414189, 0.0009712221224848302, 0.0009657252561768461, 0.0009597741879885895, 0.0009533747905299707, 0.0009465333788537151, 0.00093925670422273, 0.0009315519474469756, 0.000923426711796396, 0.0009148890154969249, 0.0009059472838169464], "train_learning_rate_std": [4.336808689942018e-19, 2.168404344971009e-19, 0.0, 0.0, 2.168404344971009e-19, 2.168404344971009e-19, 2.168404344971009e-19, 2.168404344971009e-19, 0.0, 1.0842021724855044e-19, 3.2526065174565133e-19, 3.2526065174565133e-19, 3.2526065174565133e-19, 0.0, 3.2526065174565133e-19, 1.0842021724855044e-19, 1.0842021724855044e-19, 2.168404344971009e-19, 0.0], "val_loss_mean": [0.24430040965477626, 0.16405767182509104, 0.1417880403002103, 0.11432645381738742, 0.09321761719882488, 0.07851004580035806, 0.0890059248606364, 0.07066044341462353, 0.05945550996499757, 0.060322833995645246, 0.07172515681013465, 0.060484509013282756, 0.05561324196634814, 0.05351996802259237, 0.062120671328933286, 0.059282122968385614, 0.06688707455061377, 0.051107992112326125, 0.05916735304907585], "val_loss_std": [0.09699412162924964, 0.07751701534592971, 0.08894780653161029, 0.08236037499099408, 0.08847877691074742, 0.07808886722153333, 0.08490215075008384, 0.07567446363297131, 0.06181918798464569, 0.06257685987312092, 0.06865584486820857, 0.0659522181607629, 0.06216177060724399, 0.05920023007189278, 0.07025916810922479, 0.0704725180368318, 0.07715503960707194, 0.06576014777425522, 0.07769087648495002], "val_accuracy_mean": [0.916333331267039, 0.9430000019073487, 0.9486666719118754, 0.9596666733423869, 0.9733333357175191, 0.9753333377838135, 0.9733333412806193, 0.979333340326945, 0.9776666728655498, 0.9790000081062317, 0.9750000031789144, 0.9816666706403097, 0.9840000041325887, 0.9820000052452087, 0.9793333379427592, 0.9810000069936117, 0.9770000036557516, 0.9846666733423869, 0.9833333404858907], "val_accuracy_std": [0.0429133530433203, 0.03429286686932264, 0.03363861087720043, 0.029124259484540244, 0.028963581954308308, 0.029578522297260004, 0.024944383905997906, 0.023584363997983734, 0.02600427435113565, 0.023818759419264524, 0.026457516414820238, 0.0239211677099573, 0.021847958684584355, 0.024684678875014403, 0.026574842946694207, 0.024097024849249506, 0.02879815018042581, 0.01953344460869438, 0.022852181653571387], "val_loss_importance_vector_0_mean": [0.20000000298023224, 0.18000000715255737, 0.1599999964237213, 0.14000000059604645, 0.10000000149011612, 0.07999999821186066, 0.05999999865889549, 0.03999999910593033, 0.019999999552965164, 0.006000000052154064, 0.006000000052154064, 0.006000000052154064, 0.006000000052154064, 0.006000000052154064, 0.006000000052154064, 0.006000000052154064, 0.006000000052154064, 0.006000000052154064, 0.006000000052154064], "val_loss_importance_vector_0_std": [0.0, 0.0, 0.0, 0.0, 0.0, 0.0, 0.0, 0.0, 0.0, 0.0, 0.0, 0.0, 0.0, 0.0, 0.0, 0.0, 0.0, 0.0, 0.0],