{"train_loss_mean": [0.4267794719412923, 0.1556898767054081, 0.10895865037105977], "train_loss_std": [0.2729855627079657, 0.07933089822984961, 0.06480295237005157], "train_accuracy_mean": [0.8690999977588654, 0.9479500032663345, 0.9639500057697297], "train_accuracy_std": [0.08782192339423436, 0.037243091827901566, 0.03052290609998424], "train_loss_importance_vector_0_mean": [0.20000000298023224, 0.18000000715255737, 0.1599999964237213], "train_loss_importance_vector_0_std": [0.0, 0.0, 0.0], "train_loss_importance_vector_1_mean": [0.20000000298023224, 0.18000000715255737, 0.1599999964237213], "train_loss_importance_vector_1_std": [0.0, 0.0, 0.0], "train_loss_importance_vector_2_mean": [0.20000000298023224, 0.18000000715255737, 0.1599999964237213], "train_loss_importance_vector_2_std": [0.0, 0.0, 0.0], "train_loss_importance_vector_3_mean": [0.20000000298023224, 0.18000000715255737, 0.1599999964237213], "train_loss_importance_vector_3_std": [0.0, 0.0, 0.0], "train_loss_importance_vector_4_mean": [0.20000000298023224, 0.2800000011920929, 0.36000001430511475], "train_loss_importance_vector_4_std": [0.0, 0.0, 0.0], "train_learning_rate_mean": [0.0010000000000000005, 0.0009995115550240356, 0.0009982912558975914], "train_learning_rate_std": [4.336808689942018e-19, 2.168404344971009e-19, 0.0], "val_loss_mean": [0.24430040965477626, 0.16405767182509104, 0.1417880403002103], "val_loss_std": [0.09699412162924964, 0.07751701534592971, 0.08894780653161029], "val_accuracy_mean": [0.916333331267039, 0.9430000019073487, 0.9486666719118754], "val_accuracy_std": [0.0429133530433203, 0.03429286686932264, 0.03363861087720043], "val_loss_importance_vector_0_mean": [0.20000000298023224, 0.18000000715255737, 0.1599999964237213], "val_loss_importance_vector_0_std": [0.0, 0.0, 0.0], "val_loss_importance_vector_1_mean": [0.20000000298023224, 0.18000000715255737, 0.1599999964237213], "val_loss_importance_vector_1_std": [0.0, 0.0, 0.0], "val_loss_importance_vector_2_mean": [0.20000000298023224, 0.18000000715255737, 0.1599999964237213], "val_loss_importance_vector_2_std": [0.0, 0.0, 0.0], "val_loss_importance_vector_3_mean": [0.20000000298023224, 0.18000000715255737, 0.1599999964237213], "val_loss_importance_vector_3_std": [0.0, 0.0, 0.0], "val_loss_importance_vector_4_mean": [0.20000000298023224, 0.2800000011920929, 0.36000001430511475], "val_loss_importance_vector_4_std": [0.0, 0.0, 0.0]}