{"train_loss_mean": [0.5884791916906834, 0.3236480533629656, 0.2343965501487255, 0.18430804452300073, 0.15688321162760258, 0.13261249571293593, 0.11483361071813851, 0.10896895832568407, 0.10816593716433272, 0.08638540084380657, 0.08079028207994997, 0.06889088404597715, 0.06670425044558942, 0.06574073944950942], "train_loss_std": [0.1944688955614052, 0.09946410277487842, 0.08455102230699672, 0.08545422156779266, 0.09124638020309923, 0.07828093687217799, 0.07771159850275074, 0.07664764189944268, 0.08148939659144784, 0.0779388670335701, 0.07277109958540125, 0.06480388003998203, 0.06402088399315128, 0.06938409403724086], "train_accuracy_mean": [0.8073999996781349, 0.898399999499321, 0.923999999165535, 0.938350001335144, 0.9472500044107437, 0.9534000037908554, 0.9599500036239624, 0.9621500046253204, 0.9624500036239624, 0.9707500058412551, 0.9731000074148178, 0.9766500066518784, 0.9769000062942504, 0.9784500074386596], "train_accuracy_std": [0.09181633882753888, 0.05071922885868777, 0.041279538427389094, 0.03934498599958693, 0.03957509179056776, 0.03359226724817933, 0.03445646291729981, 0.03245963245744407, 0.032307085091754235, 0.02925213980489786, 0.026389204316736404, 0.02481990279208449, 0.025473320941607213, 0.023544585464641346], "train_loss_importance_vector_0_mean": [0.20000000298023224, 0.18000000715255737, 0.1599999964237213, 0.14000000059604645, 0.11999999731779099, 0.10000000149011612, 0.07999999821186066, 0.05999999865889549, 0.03999999910593033, 0.019999999552965164, 0.006000000052154064, 0.006000000052154064, 0.006000000052154064, 0.006000000052154064], "train_loss_importance_vector_0_std": [0.0, 0.0, 0.0, 0.0, 0.0, 0.0, 0.0, 0.0, 0.0, 0.0, 0.0, 0.0, 0.0, 0.0], "train_loss_importance_vector_1_mean": [0.20000000298023224, 0.18000000715255737, 0.1599999964237213, 0.14000000059604645, 0.11999999731779099, 0.10000000149011612, 0.07999999821186066, 0.05999999865889549, 0.03999999910593033, 0.019999999552965164, 0.006000000052154064, 0.006000000052154064, 0.006000000052154064, 0.006000000052154064], "train_loss_importance_vector_1_std": [0.0, 0.0, 0.0, 0.0, 0.0, 0.0, 0.0, 0.0, 0.0, 0.0, 0.0, 0.0, 0.0, 0.0], "train_loss_importance_vector_2_mean": [0.20000000298023224, 0.18000000715255737, 0.1599999964237213, 0.14000000059604645, 0.11999999731779099, 0.10000000149011612, 0.07999999821186066, 0.05999999865889549, 0.03999999910593033, 0.019999999552965164, 0.006000000052154064, 0.006000000052154064, 0.006000000052154064, 0.006000000052154064], "train_loss_importance_vector_2_std": [0.0, 0.0, 0.0, 0.0, 0.0, 0.0, 0.0, 0.0, 0.0, 0.0, 0.0, 0.0, 0.0, 0.0], "train_loss_importance_vector_3_mean": [0.20000000298023224, 0.18000000715255737, 0.1599999964237213, 0.14000000059604645, 0.11999999731779099, 0.10000000149011612, 0.07999999821186066, 0.05999999865889549, 0.03999999910593033, 0.019999999552965164, 0.006000000052154064, 0.006000000052154064, 0.006000000052154064, 0.006000000052154064], "train_loss_importance_vector_3_std": [0.0, 0.0, 0.0, 0.0, 0.0, 0.0, 0.0, 0.0, 0.0, 0.0, 0.0, 0.0, 0.0, 0.0], "train_loss_importance_vector_4_mean": [0.20000000298023224, 0.2800000011920929, 0.36000001430511475, 0.4399999976158142, 0.5199999809265137, 0.6000000238418579, 0.6800000071525574, 0.7599999904632568, 0.8399999737739563, 0.9200000166893005, 0.9760000109672546, 0.9760000109672546, 0.9760000109672546, 0.9760000109672546], "train_loss_importance_vector_4_std": [0.0, 0.0, 0.0, 0.0, 0.0, 0.0, 0.0, 0.0, 0.0, 0.0, 0.0, 0.0, 0.0, 0.0], "train_learning_rate_mean": [0.0010000000000000005, 0.0009995115550240356, 0.0009982912558975914, 0.00099658461944753, 0.0009943933295608763, 0.000991719548418466, 0.0009885659143607812, 0.000984935539283863, 0.0009808320055678876, 0.0009762593625414189, 0.0009712221224848302, 0.0009657252561768461, 0.0009597741879885895, 0.0009533747905299707], "train_learning_rate_std": [4.336808689942018e-19, 2.168404344971009e-19, 0.0, 0.0, 0.0, 2.168404344971009e-19, 2.168404344971009e-19, 2.168404344971009e-19, 2.168404344971009e-19, 0.0, 1.0842021724855044e-19, 3.2526065174565133e-19, 3.2526065174565133e-19, 3.2526065174565133e-19], "val_loss_mean": [0.49614848613739015, 0.3681274922688802, 0.2884688330690066, 0.24098851482073466, 0.22380120575428009, 0.18631457976996899, 0.18508415050804616, 0.1745505163570245, 0.1443595221887032, 0.13116084898511568, 0.11176199884464344, 0.12728677097087104, 0.11395268683632215, 0.10358977452851832], "val_loss_std": [0.11751789870116497, 0.11033428726394467, 0.11215772409562963, 0.12006732931365159, 0.11509557366114774, 0.1120101334476981, 0.11865494669361563, 0.11868381698983649, 0.10777396719804756, 0.10745484344159673, 0.09636857209227392, 0.12552458411684475, 0.10844057986110137, 0.10248408673937051], "val_accuracy_mean": [0.8290000025431316, 0.8766666658719381, 0.9046666638056438, 0.9136666679382324, 0.9173333311080932, 0.9406666692097981, 0.9376666680971781, 0.9426666680971781, 0.9520000044504802, 0.9583333404858907, 0.9623333374659221, 0.9623333366711935, 0.9613333408037822, 0.966000006198883], "val_accuracy_std": [0.05385783759271964, 0.04887625825828497, 0.05191231720096322, 0.047133378004525925, 0.04742948389600779, 0.0407785408922825, 0.04289004523498204, 0.04057367067236689, 0.036687878370097605, 0.033993467632150595, 0.03300842151208283, 0.03325992520546359, 0.0354244112201428, 0.0335757890719858], "val_loss_importance_vector_0_mean": [0.20000000298023224, 0.18000000715255737, 0.1599999964237213, 0.14000000059604645, 0.11999999731779099, 0.10000000149011612, 0.07999999821186066, 0.05999999865889549, 0.03999999910593033, 0.019999999552965164, 0.006000000052154064, 0.006000000052154064, 0.006000000052154064, 0.006000000052154064], "val_loss_importance_vector_0_std": [0.0, 0.0, 0.0, 0.0, 0.0, 0.0, 0.0, 0.0, 0.0, 0.0, 0.0, 0.0, 0.0, 0.0], "val_loss_importance_vector_1_mean": [0.20000000298023224, 0.18000000715255737, 0.1599999964237213, 0.14000000059604645, 0.11999999731779099, 0.10000000149011612, 0.07999999821186066, 0.05999999865889549, 0.03999999910593033, 0.019999999552965164, 0.006000000052154064, 0.006000000052154064, 0.006000000052154064, 0.006000000052154064], "val_loss_importance_vector_1_std": [0.0, 0.0, 0.0, 0.0, 0.0, 0.0, 0.0, 0.0, 0.0, 0.0, 0.0, 0.0, 0.0, 0.0], "val_loss_importance_vector_2_mean": [0.20000000298023224, 0.18000000715255737, 0.1599999964237213, 0.14000000059604645, 0.11999999731779099, 0.10000000149011612, 0.07999999821186066, 0.05999999865889549, 0.03999999910593033, 0.019999999552965164, 0.006000000052154064, 0.006000000052154064, 0.006000000052154064, 0.006000000052154064], "val_loss_importance_vector_2_std": [0.0, 0.0, 0.0, 0.0, 0.0, 0.0, 0.0, 0.0, 0.0, 0.0, 0.0, 0.0, 0.0, 0.0], "val_loss_importance_vector_3_mean": [0.20000000298023224, 0.18000000715255737, 0.1599999964237213, 0.14000000059604645, 0.11999999731779099, 0.10000000149011612, 0.07999999821186066, 0.05999999865889549, 0.03999999910593033, 0.019999999552965164, 0.006000000052154064, 0.006000000052154064, 0.006000000052154064, 0.006000000052154064], "val_loss_importance_vector_3_std": [0.0, 0.0, 0.0, 0.0, 0.0, 0.0, 0.0, 0.0, 0.0, 0.0, 0.0, 0.0, 0.0, 0.0], "val_loss_importance_vector_4_mean": [0.20000000298023224, 0.2800000011920929, 0.36000001430511475, 0.4399999976158142, 0.5199999809265137, 0.6000000238418579, 0.6800000071525574, 0.7599999904632568, 0.8399999737739563, 0.9200000166893005, 0.9760000109672546, 0.9760000109672546, 0.9760000109672546, 0.9760000109672546], "val_loss_importance_vector_4_std": [0.0, 0.0, 0.0, 0.0, 0.0, 0.0, 0.0, 0.0, 0.0, 0.0, 0.0, 0.0, 0.0, 0.0]}