{"train_loss_mean": [0.5884791916906834, 0.3236480533629656, 0.2343965501487255, 0.18430804452300073], "train_loss_std": [0.1944688955614052, 0.09946410277487842, 0.08455102230699672, 0.08545422156779266], "train_accuracy_mean": [0.8073999996781349, 0.898399999499321, 0.923999999165535, 0.938350001335144], "train_accuracy_std": [0.09181633882753888, 0.05071922885868777, 0.041279538427389094, 0.03934498599958693], "train_loss_importance_vector_0_mean": [0.20000000298023224, 0.18000000715255737, 0.1599999964237213, 0.14000000059604645], "train_loss_importance_vector_0_std": [0.0, 0.0, 0.0, 0.0], "train_loss_importance_vector_1_mean": [0.20000000298023224, 0.18000000715255737, 0.1599999964237213, 0.14000000059604645], "train_loss_importance_vector_1_std": [0.0, 0.0, 0.0, 0.0], "train_loss_importance_vector_2_mean": [0.20000000298023224, 0.18000000715255737, 0.1599999964237213, 0.14000000059604645], "train_loss_importance_vector_2_std": [0.0, 0.0, 0.0, 0.0], "train_loss_importance_vector_3_mean": [0.20000000298023224, 0.18000000715255737, 0.1599999964237213, 0.14000000059604645], "train_loss_importance_vector_3_std": [0.0, 0.0, 0.0, 0.0], "train_loss_importance_vector_4_mean": [0.20000000298023224, 0.2800000011920929, 0.36000001430511475, 0.4399999976158142], "train_loss_importance_vector_4_std": [0.0, 0.0, 0.0, 0.0], "train_learning_rate_mean": [0.0010000000000000005, 0.0009995115550240356, 0.0009982912558975914, 0.00099658461944753], "train_learning_rate_std": [4.336808689942018e-19, 2.168404344971009e-19, 0.0, 0.0], "val_loss_mean": [0.49614848613739015, 0.3681274922688802, 0.2884688330690066, 0.24098851482073466], "val_loss_std": [0.11751789870116497, 0.11033428726394467, 0.11215772409562963, 0.12006732931365159], "val_accuracy_mean": [0.8290000025431316, 0.8766666658719381, 0.9046666638056438, 0.9136666679382324], "val_accuracy_std": [0.05385783759271964, 0.04887625825828497, 0.05191231720096322, 0.047133378004525925], "val_loss_importance_vector_0_mean": [0.20000000298023224, 0.18000000715255737, 0.1599999964237213, 0.14000000059604645], "val_loss_importance_vector_0_std": [0.0, 0.0, 0.0, 0.0], "val_loss_importance_vector_1_mean": [0.20000000298023224, 0.18000000715255737, 0.1599999964237213, 0.14000000059604645], "val_loss_importance_vector_1_std": [0.0, 0.0, 0.0, 0.0], "val_loss_importance_vector_2_mean": [0.20000000298023224, 0.18000000715255737, 0.1599999964237213, 0.14000000059604645], "val_loss_importance_vector_2_std": [0.0, 0.0, 0.0, 0.0], "val_loss_importance_vector_3_mean": [0.20000000298023224, 0.18000000715255737, 0.1599999964237213, 0.14000000059604645], "val_loss_importance_vector_3_std": [0.0, 0.0, 0.0, 0.0], "val_loss_importance_vector_4_mean": [0.20000000298023224, 0.2800000011920929, 0.36000001430511475, 0.4399999976158142], "val_loss_importance_vector_4_std": [0.0, 0.0, 0.0, 0.0]}