{"train_loss_mean": [0.5884791916906834], "train_loss_std": [0.1944688955614052], "train_accuracy_mean": [0.8073999996781349], "train_accuracy_std": [0.09181633882753888], "train_loss_importance_vector_0_mean": [0.20000000298023224], "train_loss_importance_vector_0_std": [0.0], "train_loss_importance_vector_1_mean": [0.20000000298023224], "train_loss_importance_vector_1_std": [0.0], "train_loss_importance_vector_2_mean": [0.20000000298023224], "train_loss_importance_vector_2_std": [0.0], "train_loss_importance_vector_3_mean": [0.20000000298023224], "train_loss_importance_vector_3_std": [0.0], "train_loss_importance_vector_4_mean": [0.20000000298023224], "train_loss_importance_vector_4_std": [0.0], "train_learning_rate_mean": [0.0010000000000000005], "train_learning_rate_std": [4.336808689942018e-19], "val_loss_mean": [0.49614848613739015], "val_loss_std": [0.11751789870116497], "val_accuracy_mean": [0.8290000025431316], "val_accuracy_std": [0.05385783759271964], "val_loss_importance_vector_0_mean": [0.20000000298023224], "val_loss_importance_vector_0_std": [0.0], "val_loss_importance_vector_1_mean": [0.20000000298023224], "val_loss_importance_vector_1_std": [0.0], "val_loss_importance_vector_2_mean": [0.20000000298023224], "val_loss_importance_vector_2_std": [0.0], "val_loss_importance_vector_3_mean": [0.20000000298023224], "val_loss_importance_vector_3_std": [0.0], "val_loss_importance_vector_4_mean": [0.20000000298023224], "val_loss_importance_vector_4_std": [0.0]}