{"train_loss_mean": [0.5884791916906834, 0.3236480533629656, 0.2343965501487255, 0.18430804452300073, 0.15688321162760258, 0.13261249571293593, 0.11483361071813851, 0.10896895832568407, 0.10816593716433272], "train_loss_std": [0.1944688955614052, 0.09946410277487842, 0.08455102230699672, 0.08545422156779266, 0.09124638020309923, 0.07828093687217799, 0.07771159850275074, 0.07664764189944268, 0.08148939659144784], "train_accuracy_mean": [0.8073999996781349, 0.898399999499321, 0.923999999165535, 0.938350001335144, 0.9472500044107437, 0.9534000037908554, 0.9599500036239624, 0.9621500046253204, 0.9624500036239624], "train_accuracy_std": [0.09181633882753888, 0.05071922885868777, 0.041279538427389094, 0.03934498599958693, 0.03957509179056776, 0.03359226724817933, 0.03445646291729981, 0.03245963245744407, 0.032307085091754235], "train_loss_importance_vector_0_mean": [0.20000000298023224, 0.18000000715255737, 0.1599999964237213, 0.14000000059604645, 0.11999999731779099, 0.10000000149011612, 0.07999999821186066, 0.05999999865889549, 0.03999999910593033], "train_loss_importance_vector_0_std": [0.0, 0.0, 0.0, 0.0, 0.0, 0.0, 0.0, 0.0, 0.0], "train_loss_importance_vector_1_mean": [0.20000000298023224, 0.18000000715255737, 0.1599999964237213, 0.14000000059604645, 0.11999999731779099, 0.10000000149011612, 0.07999999821186066, 0.05999999865889549, 0.03999999910593033], "train_loss_importance_vector_1_std": [0.0, 0.0, 0.0, 0.0, 0.0, 0.0, 0.0, 0.0, 0.0], "train_loss_importance_vector_2_mean": [0.20000000298023224, 0.18000000715255737, 0.1599999964237213, 0.14000000059604645, 0.11999999731779099, 0.10000000149011612, 0.07999999821186066, 0.05999999865889549, 0.03999999910593033], "train_loss_importance_vector_2_std": [0.0, 0.0, 0.0, 0.0, 0.0, 0.0, 0.0, 0.0, 0.0], "train_loss_importance_vector_3_mean": [0.20000000298023224, 0.18000000715255737, 0.1599999964237213, 0.14000000059604645, 0.11999999731779099, 0.10000000149011612, 0.07999999821186066, 0.05999999865889549, 0.03999999910593033], "train_loss_importance_vector_3_std": [0.0, 0.0, 0.0, 0.0, 0.0, 0.0, 0.0, 0.0, 0.0], "train_loss_importance_vector_4_mean": [0.20000000298023224, 0.2800000011920929, 0.36000001430511475, 0.4399999976158142, 0.5199999809265137, 0.6000000238418579, 0.6800000071525574, 0.7599999904632568, 0.8399999737739563], "train_loss_importance_vector_4_std": [0.0, 0.0, 0.0, 0.0, 0.0, 0.0, 0.0, 0.0, 0.0], "train_learning_rate_mean": [0.0010000000000000005, 0.0009995115550240356, 0.0009982912558975914, 0.00099658461944753, 0.0009943933295608763, 0.000991719548418466, 0.0009885659143607812, 0.000984935539283863, 0.0009808320055678876], "train_learning_rate_std": [4.336808689942018e-19, 2.168404344971009e-19, 0.0, 0.0, 0.0, 2.168404344971009e-19, 2.168404344971009e-19, 2.168404344971009e-19, 2.168404344971009e-19], "val_loss_mean": [0.49614848613739015, 0.3681274922688802, 0.2884688330690066, 0.24098851482073466, 0.22380120575428009, 0.18631457976996899, 0.18508415050804616, 0.1745505163570245, 0.1443595221887032], "val_loss_std": [0.11751789870116497, 0.11033428726394467, 0.11215772409562963, 0.12006732931365159, 0.11509557366114774, 0.1120101334476981, 0.11865494669361563, 0.11868381698983649, 0.10777396719804756], "val_accuracy_mean": [0.8290000025431316, 0.8766666658719381, 0.9046666638056438, 0.9136666679382324, 0.9173333311080932, 0.9406666692097981, 0.9376666680971781, 0.9426666680971781, 0.9520000044504802], "val_accuracy_std": [0.05385783759271964, 0.04887625825828497, 0.05191231720096322, 0.047133378004525925, 0.04742948389600779, 0.0407785408922825, 0.04289004523498204, 0.04057367067236689, 0.036687878370097605], "val_loss_importance_vector_0_mean": [0.20000000298023224, 0.18000000715255737, 0.1599999964237213, 0.14000000059604645, 0.11999999731779099, 0.10000000149011612, 0.07999999821186066, 0.05999999865889549, 0.03999999910593033], "val_loss_importance_vector_0_std": [0.0, 0.0, 0.0, 0.0, 0.0, 0.0, 0.0, 0.0, 0.0], "val_loss_importance_vector_1_mean": [0.20000000298023224, 0.18000000715255737, 0.1599999964237213, 0.14000000059604645, 0.11999999731779099, 0.10000000149011612, 0.07999999821186066, 0.05999999865889549, 0.03999999910593033], "val_loss_importance_vector_1_std": [0.0, 0.0, 0.0, 0.0, 0.0, 0.0, 0.0, 0.0, 0.0], "val_loss_importance_vector_2_mean": [0.20000000298023224, 0.18000000715255737, 0.1599999964237213, 0.14000000059604645, 0.11999999731779099, 0.10000000149011612, 0.07999999821186066, 0.05999999865889549, 0.03999999910593033], "val_loss_importance_vector_2_std": [0.0, 0.0, 0.0, 0.0, 0.0, 0.0, 0.0, 0.0, 0.0], "val_loss_importance_vector_3_mean": [0.20000000298023224, 0.18000000715255737, 0.1599999964237213, 0.14000000059604645, 0.11999999731779099, 0.10000000149011612, 0.07999999821186066, 0.05999999865889549, 0.03999999910593033], "val_loss_importance_vector_3_std": [0.0, 0.0, 0.0, 0.0, 0.0, 0.0, 0.0, 0.0, 0.0], "val_loss_importance_vector_4_mean": [0.20000000298023224, 0.2800000011920929, 0.36000001430511475, 0.4399999976158142, 0.5199999809265137, 0.6000000238418579, 0.6800000071525574, 0.7599999904632568, 0.8399999737739563], "val_loss_importance_vector_4_std": [0.0, 0.0, 0.0, 0.0, 0.0, 0.0, 0.0, 0.0, 0.0]}