{"train_loss_mean": [0.5884791916906834, 0.3236480533629656, 0.2343965501487255, 0.18430804452300073, 0.15688321162760258, 0.13261249571293593, 0.11483361071813851, 0.10896895832568407, 0.10816593716433272, 0.08638540084380657, 0.08079028207994997, 0.06889088404597715, 0.06670425044558942, 0.06574073944950942, 0.059916751598007974, 0.066281839445699, 0.06990799568686634, 0.0540563410386676, 0.05827013270041789, 0.05217889857979026, 0.0509033812150592, 0.05394575133966282, 0.049482145326823226, 0.04127606059698155], "train_loss_std": [0.1944688955614052, 0.09946410277487842, 0.08455102230699672, 0.08545422156779266, 0.09124638020309923, 0.07828093687217799, 0.07771159850275074, 0.07664764189944268, 0.08148939659144784, 0.0779388670335701, 0.07277109958540125, 0.06480388003998203, 0.06402088399315128, 0.06938409403724086, 0.05827004095736046, 0.06931767645652773, 0.07556785584708152, 0.05783399065087149, 0.06886701732122971, 0.06173871532676791, 0.05909541144179465, 0.0718522444448397, 0.06098750485860214, 0.05748003910163269], "train_accuracy_mean": [0.8073999996781349, 0.898399999499321, 0.923999999165535, 0.938350001335144, 0.9472500044107437, 0.9534000037908554, 0.9599500036239624, 0.9621500046253204, 0.9624500036239624, 0.9707500058412551, 0.9731000074148178, 0.9766500066518784, 0.9769000062942504, 0.9784500074386596, 0.9785000066757202, 0.9769000062942504, 0.9756000074148178, 0.9804000066518783, 0.9806500066518784, 0.9821500066518783, 0.9819000055789947, 0.9817000066041947, 0.9818000061511993, 0.9859500062465668], "train_accuracy_std": [0.09181633882753888, 0.05071922885868777, 0.041279538427389094, 0.03934498599958693, 0.03957509179056776, 0.03359226724817933, 0.03445646291729981, 0.03245963245744407, 0.032307085091754235, 0.02925213980489786, 0.026389204316736404, 0.02481990279208449, 0.025473320941607213, 0.023544585464641346, 0.0242950620066865, 0.025325679584475513, 0.025925663893579854, 0.022767081099782413, 0.02251282956821364, 0.022806302703973633, 0.022020218914153608, 0.022138428472139933, 0.024109333743683476, 0.02003365632754291], "train_loss_importance_vector_0_mean": [0.20000000298023224, 0.18000000715255737, 0.1599999964237213, 0.14000000059604645, 0.11999999731779099, 0.10000000149011612, 0.07999999821186066, 0.05999999865889549, 0.03999999910593033, 0.019999999552965164, 0.006000000052154064, 0.006000000052154064, 0.006000000052154064, 0.006000000052154064, 0.006000000052154064, 0.006000000052154064, 0.006000000052154064, 0.006000000052154064, 0.006000000052154064, 0.006000000052154064, 0.006000000052154064, 0.006000000052154064, 0.006000000052154064, 0.006000000052154064], "train_loss_importance_vector_0_std": [0.0, 0.0, 0.0, 0.0, 0.0, 0.0, 0.0, 0.0, 0.0, 0.0, 0.0, 0.0, 0.0, 0.0, 0.0, 0.0, 0.0, 0.0, 0.0, 0.0, 0.0, 0.0, 0.0, 0.0], "train_loss_importance_vector_1_mean": [0.20000000298023224, 0.18000000715255737, 0.1599999964237213, 0.14000000059604645, 0.11999999731779099, 0.10000000149011612, 0.07999999821186066, 0.05999999865889549, 0.03999999910593033, 0.019999999552965164, 0.006000000052154064, 0.006000000052154064, 0.006000000052154064, 0.006000000052154064, 0.006000000052154064, 0.006000000052154064, 0.006000000052154064, 0.006000000052154064, 0.006000000052154064, 0.006000000052154064, 0.006000000052154064, 0.006000000052154064, 0.006000000052154064, 0.006000000052154064], "train_loss_importance_vector_1_std": [0.0, 0.0, 0.0, 0.0, 0.0, 0.0, 0.0, 0.0, 0.0, 0.0, 0.0, 0.0, 0.0, 0.0, 0.0, 0.0, 0.0, 0.0, 0.0, 0.0, 0.0, 0.0, 0.0, 0.0], "train_loss_importance_vector_2_mean": [0.20000000298023224, 0.18000000715255737, 0.1599999964237213, 0.14000000059604645, 0.11999999731779099, 0.10000000149011612, 0.07999999821186066, 0.05999999865889549, 0.03999999910593033, 0.019999999552965164, 0.006000000052154064, 0.006000000052154064, 0.006000000052154064, 0.006000000052154064, 0.006000000052154064, 0.006000000052154064, 0.006000000052154064, 0.006000000052154064, 0.006000000052154064, 0.006000000052154064, 0.006000000052154064, 0.006000000052154064, 0.006000000052154064, 0.006000000052154064], "train_loss_importance_vector_2_std": [0.0, 0.0, 0.0, 0.0, 0.0, 0.0, 0.0, 0.0, 0.0, 0.0, 0.0, 0.0, 0.0, 0.0, 0.0, 0.0, 0.0, 0.0, 0.0, 0.0, 0.0, 0.0, 0.0, 0.0], "train_loss_importance_vector_3_mean": [0.20000000298023224, 0.18000000715255737, 0.1599999964237213, 0.14000000059604645, 0.11999999731779099, 0.10000000149011612, 0.07999999821186066, 0.05999999865889549, 0.03999999910593033, 0.019999999552965164, 0.006000000052154064, 0.006000000052154064, 0.006000000052154064, 0.006000000052154064, 0.006000000052154064, 0.006000000052154064, 0.006000000052154064, 0.006000000052154064, 0.006000000052154064, 0.006000000052154064, 0.006000000052154064, 0.006000000052154064, 0.006000000052154064, 0.006000000052154064], "train_loss_importance_vector_3_std": [0.0, 0.0, 0.0, 0.0, 0.0, 0.0, 0.0, 0.0, 0.0, 0.0, 0.0, 0.0, 0.0, 0.0, 0.0, 0.0, 0.0, 0.0, 0.0, 0.0, 0.0, 0.0, 0.0, 0.0], "train_loss_importance_vector_4_mean": [0.20000000298023224, 0.2800000011920929, 0.36000001430511475, 0.4399999976158142, 0.5199999809265137, 0.6000000238418579, 0.6800000071525574, 0.7599999904632568, 0.8399999737739563, 0.9200000166893005, 0.9760000109672546, 0.9760000109672546, 0.9760000109672546, 0.9760000109672546, 0.9760000109672546, 0.9760000109672546, 0.9760000109672546, 0.9760000109672546, 0.9760000109672546, 0.9760000109672546, 0.9760000109672546, 0.9760000109672546, 0.9760000109672546, 0.9760000109672546], "train_loss_importance_vector_4_std": [0.0, 0.0, 0.0, 0.0, 0.0, 0.0, 0.0, 0.0, 0.0, 0.0, 0.0, 0.0, 0.0, 0.0, 0.0, 0.0, 0.0, 0.0, 0.0, 0.0, 0.0, 0.0, 0.0, 0.0], "train_learning_rate_mean": [0.0010000000000000005, 0.0009995115550240356, 0.0009982912558975914, 0.00099658461944753, 0.0009943933295608763, 0.000991719548418466, 0.0009885659143607812, 0.000984935539283863, 0.0009808320055678876, 0.0009762593625414189, 0.0009712221224848302, 0.0009657252561768461, 0.0009597741879885895, 0.0009533747905299707, 0.0009465333788537151, 0.00093925670422273, 0.0009315519474469756, 0.000923426711796396, 0.0009148890154969249, 0.0009059472838169464, 0.0008966103407520373, 0.0008868874003161788, 0.0008767880574480409, 0.0008663222785413056], "train_learning_rate_std": [4.336808689942018e-19, 2.168404344971009e-19, 0.0, 0.0, 0.0, 2.168404344971009e-19, 2.168404344971009e-19, 2.168404344971009e-19, 2.168404344971009e-19, 0.0, 1.0842021724855044e-19, 3.2526065174565133e-19, 3.2526065174565133e-19, 3.2526065174565133e-19, 0.0, 3.2526065174565133e-19, 1.0842021724855044e-19, 1.0842021724855044e-19, 2.168404344971009e-19, 0.0, 1.0842021724855044e-19, 2.168404344971009e-19, 0.0, 4.336808689942018e-19], "val_loss_mean": [0.49614848613739015, 0.3681274922688802, 0.2884688330690066, 0.24098851482073466, 0.22380120575428009, 0.18631457976996899, 0.18508415050804616, 0.1745505163570245, 0.1443595221887032, 0.13116084898511568, 0.11176199884464344, 0.12728677097087104, 0.11395268683632215, 0.10358977452851832, 0.10901169501865904, 0.10367329071896772, 0.09292407291010023, 0.0829078309626008, 0.08594320736204585, 0.08291183609515429, 0.09950502552247296, 0.09448793928915014, 0.07781490553403274, 0.08130961172593136], "val_loss_std": [0.11751789870116497, 0.11033428726394467, 0.11215772409562963, 0.12006732931365159, 0.11509557366114774, 0.1120101334476981, 0.11865494669361563, 0.11868381698983649, 0.10777396719804756, 0.10745484344159673, 0.09636857209227392, 0.12552458411684475, 0.10844057986110137, 0.10248408673937051, 0.10748421462380427, 0.09975262833957331, 0.08941174374172092, 0.09886469990669987, 0.09941992151349698, 0.10432235448360509, 0.10980987964603965, 0.10589694805216653, 0.10516762730189541, 0.11298932464160259],