{"train_loss_mean": [1.614432324886322, 1.6092373604774475, 1.6097007327079773, 1.6111957244873047, 1.6097721359729766, 1.6095118715763093, 1.6086694006919862, 1.6109792325496675, 1.6084811635017395, 1.6086787462234498, 1.6093636696338653, 1.6103511350154878, 1.6115040061473846, 1.6102258882522582, 1.609488099336624, 1.6102502508163452, 1.609794312477112, 1.607827070236206, 1.6110374855995178, 1.6087886667251587, 1.6112056629657745, 1.6097437629699707, 1.611366729736328, 1.6092553226947783, 1.60998179936409, 1.6120957629680635, 1.61246937084198, 1.6107116971015931, 1.6105177869796754, 1.6103567695617675, 1.6087114078998566, 1.6107436072826387, 1.6092702586650849, 1.6094259657859802, 1.6105136132240296, 1.6118034362792968, 1.6097375123500823, 1.6117554833889007, 1.611455819606781, 1.6092068572044373, 1.6116287758350372, 1.6120126597881317, 1.6096117305755615, 1.6137368588447571, 1.6120002853870392, 1.6113814570903777, 1.613394683122635, 1.608512797832489, 1.6092255284786225, 1.609641631126404, 1.6112867414951324, 1.6095306379795074, 1.6118570499420166, 1.6124179556369782, 1.6130184080600738, 1.6092983043193818, 1.6129691467285157, 1.6111560640335083, 1.613387282371521, 1.6156027045249939, 1.6135609126091004, 1.6139965708255768, 1.6146697249412536, 1.616629676580429, 1.612798306465149, 1.6186344950199127, 1.6132446174621582, 1.614197506427765, 1.6140568358898162, 1.6114896161556245, 1.6140092480182648, 1.61199826669693, 1.6119968690872193, 1.6114777193069458, 1.6126446788311004, 1.6137922677993775, 1.6163003046512603, 1.6091823523044586, 1.611065896987915, 1.6142623972892762, 1.611946457862854, 1.6109586730003358], "train_loss_std": [0.07677120137329582, 0.029987874765402853, 0.01931167470049036, 0.021510044800883057, 0.018202169848113976, 0.01956571850356462, 0.01592539666805178, 0.013774204473286027, 0.01300975745469622, 0.019630783982163863, 0.009846738084267849, 0.014247997289704523, 0.016311439755352927, 0.01629861504485253, 0.012852809589218204, 0.01228924078412645, 0.018518320036491752, 0.017515354842786976, 0.015010017048667645, 0.017287966509862408, 0.02019822885947704, 0.011339664179851343, 0.017567526484307854, 0.02720842092833812, 0.026338376453774886, 0.02753193701693299, 0.030853390246611337, 0.021265381832327655, 0.03059410135621119, 0.02510042004504149, 0.017799096684151708, 0.014071429198248157, 0.018630689170597823, 0.025295121308419623, 0.022577041168669897, 0.026417721360959427, 0.02844977657378003, 0.02958741070488288, 0.03548490156987954, 0.03194680251750089, 0.02760070042545787, 0.028679024094174457, 0.03135784899209665, 0.032587579034442656, 0.03483301342379892, 0.02799778919689514, 0.03135386273392377, 0.027292239286138373, 0.02623688938461635, 0.037639854417688, 0.029965008469763865, 0.03679003529780619, 0.036335215836061356, 0.0335851489281671, 0.042550776131364536, 0.029856276624124243, 0.04185301812227388, 0.044130677286199585, 0.035531746897724495, 0.04827006922193494, 0.04768486013658204, 0.04019854687960814, 0.033695978442651306, 0.0462260159303098, 0.04585565035120568, 0.05226004637698863, 0.05040998443014425, 0.043476145953477846, 0.03868025442399097, 0.04217151927138529, 0.045612069210242606, 0.03976418503843452, 0.0357127976987746, 0.04972230965970618, 0.039342670748350364, 0.04719078706820716, 0.04734061473176665, 0.04388859620582933, 0.05105713003670111, 0.051440741928480145, 0.044245083175203086, 0.046591673136958736], "train_accuracy_mean": [0.2212000042796135, 0.20800000378489494, 0.20880000394582748, 0.20240000343322753, 0.20000000354647637, 0.21720000410079957, 0.20360000362992287, 0.1888000034689903, 0.2136000038385391, 0.20400000372529029, 0.20680000361800194, 0.1952000035941601, 0.18840000322461128, 0.1888000035583973, 0.19120000329613684, 0.18840000346302987, 0.20640000370144845, 0.21320000395178795, 0.19160000333189964, 0.20760000389814376, 0.19480000346899032, 0.20480000370740892, 0.19480000373721124, 0.21720000430941583, 0.19760000357031823, 0.19840000361204146, 0.2048000039756298, 0.19360000362992286, 0.19840000373125077, 0.2152000042796135, 0.20320000368356705, 0.20560000383853913, 0.20840000370144843, 0.20680000364780426, 0.206000003695488, 0.18840000340342522, 0.20880000394582748, 0.1872000036239624, 0.20000000378489494, 0.2144000039100647, 0.1912000037431717, 0.18880000340938569, 0.20280000385642052, 0.1940000034272671, 0.19200000351667404, 0.19560000365972519, 0.19280000352859497, 0.22200000420212745, 0.21440000399947168, 0.19920000359416007, 0.19080000334978103, 0.22560000413656234, 0.20200000393390655, 0.19240000358223916, 0.2028000038266182, 0.21280000403523444, 0.20040000385046006, 0.20320000380277634, 0.19880000373721124, 0.20120000380277633, 0.19880000388622285, 0.19080000329017638, 0.19920000368356705, 0.1916000035405159, 0.19920000371336938, 0.19480000367760658, 0.20280000400543213, 0.19440000373125077, 0.18840000349283217, 0.19640000355243684, 0.208400004029274, 0.21200000378489495, 0.18880000367760658, 0.20120000380277633, 0.20160000362992286, 0.20040000358223914, 0.19720000386238098, 0.21320000398159028, 0.20840000399947167, 0.1968000037074089, 0.18680000346899034, 0.20200000387430192], "train_accuracy_std": [0.1773994410447161, 0.1718604125959114, 0.18133549468557478, 0.1649067649983918, 0.16828547559726326, 0.17188415151539624, 0.17454810620724073, 0.16933564714429142, 0.17656455316902026, 0.1720000041411367, 0.17307154969708183, 0.1715137354022611, 0.15982941251465344, 0.17536978510933143, 0.1627346341586126, 0.1704858979679833, 0.17697186619925864, 0.1768212699518427, 0.1630013533112889, 0.18205010737534097, 0.16556859990908343, 0.1738302661183093, 0.1763319642120875, 0.2006593183018551, 0.17295733981302133, 0.1720390694252077, 0.17926784900808204, 0.17052577949449796, 0.17480686923874178, 0.18223326209941856, 0.17478490046562525, 0.17472447315998485, 0.17300127559873774, 0.17353317072754243, 0.1816700346143103, 0.16812329205984877, 0.176415876781003, 0.17203534977140209, 0.17843766864828778, 0.17875301816715747, 0.1732124753738522, 0.1726110117522509, 0.17593226419660862, 0.17630655507372991, 0.17232527794848057, 0.17314918855165243, 0.17557950180107312, 0.19077736169881418, 0.17003717676502314, 0.18846580999321325, 0.17342249360191858, 0.19345449509307042, 0.17730200696063186, 0.17983948828594448, 0.1856668028123889, 0.18589287694568202, 0.18654715678347042, 0.18152069192493894, 0.1768574611203093, 0.18438698884421062, 0.18395260734706262, 0.17525798492862568, 0.17708574620203282, 0.18289188488489413, 0.1802203139637675, 0.17813747941874214, 0.1865265713461786, 0.17924464185694963, 0.1787328775472313, 0.17772743582956546, 0.1876417911151449, 0.17937670255843247, 0.1816440521847275, 0.1826432633194051, 0.17887828669873362, 0.17640816705528078, 0.1808650373045317, 0.1808473433512218, 0.18506604691554918, 0.18801532292478326, 0.1790691529049402, 0.18610750037639057],