{"train_loss_mean": [1.614432324886322, 1.6092373604774475, 1.6097007327079773, 1.6111957244873047, 1.6097721359729766, 1.6095118715763093, 1.6086694006919862, 1.6109792325496675, 1.6084811635017395, 1.6086787462234498, 1.6093636696338653, 1.6103511350154878, 1.6115040061473846, 1.6102258882522582, 1.609488099336624, 1.6102502508163452, 1.609794312477112, 1.607827070236206, 1.6110374855995178, 1.6087886667251587, 1.6112056629657745, 1.6097437629699707, 1.611366729736328, 1.6092553226947783, 1.60998179936409, 1.6120957629680635, 1.61246937084198, 1.6107116971015931, 1.6105177869796754, 1.6103567695617675, 1.6087114078998566, 1.6107436072826387, 1.6092702586650849, 1.6094259657859802, 1.6105136132240296, 1.6118034362792968, 1.6097375123500823, 1.6117554833889007, 1.611455819606781, 1.6092068572044373, 1.6116287758350372, 1.6120126597881317, 1.6096117305755615, 1.6137368588447571], "train_loss_std": [0.07677120137329582, 0.029987874765402853, 0.01931167470049036, 0.021510044800883057, 0.018202169848113976, 0.01956571850356462, 0.01592539666805178, 0.013774204473286027, 0.01300975745469622, 0.019630783982163863, 0.009846738084267849, 0.014247997289704523, 0.016311439755352927, 0.01629861504485253, 0.012852809589218204, 0.01228924078412645, 0.018518320036491752, 0.017515354842786976, 0.015010017048667645, 0.017287966509862408, 0.02019822885947704, 0.011339664179851343, 0.017567526484307854, 0.02720842092833812, 0.026338376453774886, 0.02753193701693299, 0.030853390246611337, 0.021265381832327655, 0.03059410135621119, 0.02510042004504149, 0.017799096684151708, 0.014071429198248157, 0.018630689170597823, 0.025295121308419623, 0.022577041168669897, 0.026417721360959427, 0.02844977657378003, 0.02958741070488288, 0.03548490156987954, 0.03194680251750089, 0.02760070042545787, 0.028679024094174457, 0.03135784899209665, 0.032587579034442656], "train_accuracy_mean": [0.2212000042796135, 0.20800000378489494, 0.20880000394582748, 0.20240000343322753, 0.20000000354647637, 0.21720000410079957, 0.20360000362992287, 0.1888000034689903, 0.2136000038385391, 0.20400000372529029, 0.20680000361800194, 0.1952000035941601, 0.18840000322461128, 0.1888000035583973, 0.19120000329613684, 0.18840000346302987, 0.20640000370144845, 0.21320000395178795, 0.19160000333189964, 0.20760000389814376, 0.19480000346899032, 0.20480000370740892, 0.19480000373721124, 0.21720000430941583, 0.19760000357031823, 0.19840000361204146, 0.2048000039756298, 0.19360000362992286, 0.19840000373125077, 0.2152000042796135, 0.20320000368356705, 0.20560000383853913, 0.20840000370144843, 0.20680000364780426, 0.206000003695488, 0.18840000340342522, 0.20880000394582748, 0.1872000036239624, 0.20000000378489494, 0.2144000039100647, 0.1912000037431717, 0.18880000340938569, 0.20280000385642052, 0.1940000034272671], "train_accuracy_std": [0.1773994410447161, 0.1718604125959114, 0.18133549468557478, 0.1649067649983918, 0.16828547559726326, 0.17188415151539624, 0.17454810620724073, 0.16933564714429142, 0.17656455316902026, 0.1720000041411367, 0.17307154969708183, 0.1715137354022611, 0.15982941251465344, 0.17536978510933143, 0.1627346341586126, 0.1704858979679833, 0.17697186619925864, 0.1768212699518427, 0.1630013533112889, 0.18205010737534097, 0.16556859990908343, 0.1738302661183093, 0.1763319642120875, 0.2006593183018551, 0.17295733981302133, 0.1720390694252077, 0.17926784900808204, 0.17052577949449796, 0.17480686923874178, 0.18223326209941856, 0.17478490046562525, 0.17472447315998485, 0.17300127559873774, 0.17353317072754243, 0.1816700346143103, 0.16812329205984877, 0.176415876781003, 0.17203534977140209, 0.17843766864828778, 0.17875301816715747, 0.1732124753738522, 0.1726110117522509, 0.17593226419660862, 0.17630655507372991], "train_learning_rate_mean": [0.0010000000000000005, 0.0009995115550240356, 0.0009982912558975914, 0.00099658461944753, 0.0009943933295608763, 0.000991719548418466, 0.0009885659143607812, 0.000984935539283863, 0.0009808320055678876, 0.0009762593625414189, 0.0009712221224848302, 0.0009657252561768461, 0.0009597741879885895, 0.0009533747905299707, 0.0009465333788537151, 0.00093925670422273, 0.0009315519474469756, 0.000923426711796396, 0.0009148890154969249, 0.0009059472838169464, 0.0008966103407520373, 0.0008868874003161788, 0.0008767880574480409, 0.0008663222785413056, 0.000855500391608373, 0.000844333076087149, 0.000832831352300978, 0.0008210065705821136, 0.0008088704000694535, 0.0007964348171915962, 0.0007837120938465716, 0.0007707147852899083, 0.0007574557177429854, 0.000743947975733884, 0.000730204889183227, 0.000716240020247744, 0.0007020671499345233, 0.0006877002644991653, 0.0006731535416412327, 0.0006584413365106083, 0.0006435781675385629, 0.0006285787021074792, 0.0006134577420733655, 0.0005982302091554179], "train_learning_rate_std": [4.336808689942018e-19, 2.168404344971009e-19, 0.0, 0.0, 0.0, 2.168404344971009e-19, 2.168404344971009e-19, 2.168404344971009e-19, 2.168404344971009e-19, 0.0, 1.0842021724855044e-19, 3.2526065174565133e-19, 3.2526065174565133e-19, 3.2526065174565133e-19, 0.0, 3.2526065174565133e-19, 1.0842021724855044e-19, 1.0842021724855044e-19, 2.168404344971009e-19, 0.0, 1.0842021724855044e-19, 2.168404344971009e-19, 0.0, 4.336808689942018e-19, 2.168404344971009e-19, 1.0842021724855044e-19, 1.0842021724855044e-19, 0.0, 1.0842021724855044e-19, 2.168404344971009e-19, 1.0842021724855044e-19, 0.0, 2.168404344971009e-19, 1.0842021724855044e-19, 1.0842021724855044e-19, 1.0842021724855044e-19, 0.0, 0.0, 2.168404344971009e-19, 1.0842021724855044e-19, 0.0, 0.0, 0.0, 0.0], "val_loss_mean": [1.6058797645568847, 1.6105443414052327, 1.6126570908228557, 1.6135648568471272, 1.6088585615158082, 1.612088861465454, 1.6103840096791586, 1.6086046632130941, 1.610890164375305, 1.612736506462097, 1.6100602483749389, 1.608902130126953, 1.611464147567749, 1.6101031478246053, 1.6095560026168823, 1.6105143960316977, 1.6104083649317424, 1.6151028458277386, 1.6151096566518148, 1.6098831764856973, 1.609754082361857, 1.61178297996521, 1.6178478813171386, 1.6111100069681803, 1.6154362138112386, 1.6112108325958252, 1.6173099406560263, 1.6219528722763061, 1.6084443124135335, 1.610745867093404, 1.6131695397694905, 1.6070400301615397, 1.6072230847676594, 1.6043363269170126, 1.6202930816014607, 1.6202714856465656, 1.6190800094604492, 1.6160122187932333, 1.614849058787028, 1.6162390120824177, 1.6251712624231975, 1.6382046031951905, 1.647187131245931, 1.6498438517252605], "val_loss_std": [0.04206922690673411, 0.030177887561054217, 0.02926703278403119, 0.0310499757563813, 0.035923248513676065, 0.02653006348960898, 0.0305684228127857, 0.02009603288820509, 0.0647573268799271, 0.03341766118996098, 0.03311602313370074, 0.022650193441919726, 0.017198129682141305, 0.029809867373578602, 0.03957122117619279, 0.018085853124916944, 0.022091076707463846, 0.03696512599005022, 0.0442345262035291, 0.048563010567115726, 0.019415524074263703, 0.047962164567921246, 0.059130275916784346, 0.04877092766896343, 0.07490748448462009, 0.09073883875043122, 0.04942797569883388, 0.0828466166474007, 0.07082539885409218, 0.027052393898973216, 0.05582516876447266, 0.04442869144961748, 0.047866402410443265, 0.1073585725427948, 0.10887857743959924, 0.1207416744089361, 0.143288393121054, 0.13728124240176212, 0.1061050902696655, 0.1022145629179132, 0.1256181910152842, 0.13514207166038367, 0.15209391946347187, 0.20272373534771487],