{"train_loss_mean": [0.1556898767054081, 0.10895865037105977, 0.08333520602900535, 0.07101801474485546, 0.061678972191410136, 0.052121058117132635, 0.05052868554345332], "train_loss_std": [0.07933089822984961, 0.06480295237005157, 0.06416045496363017, 0.06258212224191531, 0.05571351445373955, 0.04781126740620117, 0.04972626270789088], "train_accuracy_mean": [0.9479500032663345, 0.9639500057697297, 0.9725000060796738, 0.9768000068664551, 0.9792500070333481, 0.9811500066518783, 0.9826000063419342], "train_accuracy_std": [0.037243091827901566, 0.03052290609998424, 0.029261752231324083, 0.026062617689826584, 0.023306383293114328, 0.022878537570460954, 0.021499766779015644], "train_loss_importance_vector_0_mean": [0.18000000715255737, 0.1599999964237213, 0.14000000059604645, 0.11999999731779099, 0.10000000149011612, 0.07999999821186066, 0.05999999865889549], "train_loss_importance_vector_0_std": [0.0, 0.0, 0.0, 0.0, 0.0, 0.0, 0.0], "train_loss_importance_vector_1_mean": [0.18000000715255737, 0.1599999964237213, 0.14000000059604645, 0.11999999731779099, 0.10000000149011612, 0.07999999821186066, 0.05999999865889549], "train_loss_importance_vector_1_std": [0.0, 0.0, 0.0, 0.0, 0.0, 0.0, 0.0], "train_loss_importance_vector_2_mean": [0.18000000715255737, 0.1599999964237213, 0.14000000059604645, 0.11999999731779099, 0.10000000149011612, 0.07999999821186066, 0.05999999865889549], "train_loss_importance_vector_2_std": [0.0, 0.0, 0.0, 0.0, 0.0, 0.0, 0.0], "train_loss_importance_vector_3_mean": [0.18000000715255737, 0.1599999964237213, 0.14000000059604645, 0.11999999731779099, 0.10000000149011612, 0.07999999821186066, 0.05999999865889549], "train_loss_importance_vector_3_std": [0.0, 0.0, 0.0, 0.0, 0.0, 0.0, 0.0], "train_loss_importance_vector_4_mean": [0.2800000011920929, 0.36000001430511475, 0.4399999976158142, 0.5199999809265137, 0.6000000238418579, 0.6800000071525574, 0.7599999904632568], "train_loss_importance_vector_4_std": [0.0, 0.0, 0.0, 0.0, 0.0, 0.0, 0.0], "train_learning_rate_mean": [0.0009995115550240356, 0.0009982912558975914, 0.00099658461944753, 0.0009943933295608763, 0.000991719548418466, 0.0009885659143607812, 0.000984935539283863], "train_learning_rate_std": [2.168404344971009e-19, 0.0, 0.0, 0.0, 2.168404344971009e-19, 2.168404344971009e-19, 2.168404344971009e-19], "val_loss_mean": [0.16405767182509104, 0.1417880403002103, 0.11432645381738742, 0.09173876538872719, 0.09321761719882488, 0.07851004580035806, 0.0890059248606364], "val_loss_std": [0.07751701534592971, 0.08894780653161029, 0.08236037499099408, 0.08199628733614456, 0.08847877691074742, 0.07808886722153333, 0.08490215075008384], "val_accuracy_mean": [0.9430000019073487, 0.9486666719118754, 0.9596666733423869, 0.9706666700045268, 0.9733333357175191, 0.9753333377838135, 0.9733333412806193], "val_accuracy_std": [0.03429286686932264, 0.03363861087720043, 0.029124259484540244, 0.02809903527109136, 0.028963581954308308, 0.029578522297260004, 0.024944383905997906], "val_loss_importance_vector_0_mean": [0.18000000715255737, 0.1599999964237213, 0.14000000059604645, 0.11999999731779099, 0.10000000149011612, 0.07999999821186066, 0.05999999865889549], "val_loss_importance_vector_0_std": [0.0, 0.0, 0.0, 0.0, 0.0, 0.0, 0.0], "val_loss_importance_vector_1_mean": [0.18000000715255737, 0.1599999964237213, 0.14000000059604645, 0.11999999731779099, 0.10000000149011612, 0.07999999821186066, 0.05999999865889549], "val_loss_importance_vector_1_std": [0.0, 0.0, 0.0, 0.0, 0.0, 0.0, 0.0], "val_loss_importance_vector_2_mean": [0.18000000715255737, 0.1599999964237213, 0.14000000059604645, 0.11999999731779099, 0.10000000149011612, 0.07999999821186066, 0.05999999865889549], "val_loss_importance_vector_2_std": [0.0, 0.0, 0.0, 0.0, 0.0, 0.0, 0.0], "val_loss_importance_vector_3_mean": [0.18000000715255737, 0.1599999964237213, 0.14000000059604645, 0.11999999731779099, 0.10000000149011612, 0.07999999821186066, 0.05999999865889549], "val_loss_importance_vector_3_std": [0.0, 0.0, 0.0, 0.0, 0.0, 0.0, 0.0], "val_loss_importance_vector_4_mean": [0.2800000011920929, 0.36000001430511475, 0.4399999976158142, 0.5199999809265137, 0.6000000238418579, 0.6800000071525574, 0.7599999904632568], "val_loss_importance_vector_4_std": [0.0, 0.0, 0.0, 0.0, 0.0, 0.0, 0.0]}